Gender,Division,Year,Team,ScoringPlayer,AssistingPlayer,TotalAssists
Men,D2,2017,Merrimack,"Boulter, Ryan","Hayes, Juvaris",113
Men,D1,2015,Northwestern St.,"Woodley, Zeek","West, Jalan",110
Women,D1,2017,Texas A&M,"Hillsman, Khaalia","Knox, Curtyce",108
Women,D1,2017,Drake,"Wendell, Lizzy","Ingle, Caitlin",108
Women,D2,2013,Adelphi,"Kitrys, Jessica","Jackson, Sade",107
Women,D2,2016,Virginia Union,"Walker, Lady","Johnson, Kiana",107
Men,D3,2017,Wheelock,"Williams, Anthony","Fenton, Nicholas",107
Women,D2,2017,Mercyhurst,"Piaggesi, Natalie","Heintz, Angela",107
Women,D2,2016,West Liberty,"Flowers, Liz","Howe, Kailee",106
Women,D3,2014,Thomas More,"Moss, Sydney","Beasley, Devin",105
Women,D3,2016,Lancaster Bible,"Folger, Aubrey","Pennell, Krissy",104
Men,D2,2015,Minnesota St.,"Marei, Assem","Monaghan, Zach",104
Women,D1,2016,Albany (NY),"Richards, Shereesha","Saunders, Zakiya",101
Women,D1,2015,James Madison,"Hall, Precious","Mickens, Angela",101
Women,D1,2014,Nebraska,"Hooper, Jordan","Theriot, Rachel",101
Women,D1,2016,Drake,"Wendell, Lizzy","Ingle, Caitlin",96
Women,D2,2013,Arkansas Tech,"Weatherford, Jessica","Silva, Roselis",96
Men,D2,2015,Minn. St. Mankato,"Marei, Assem","Monaghan, Zach",95
Men,D1,2015,Providence,"Henton, Ladontae","Dunn, Kris",94
Women,D3,2016,Scranton,"Roman, Alexix","Payonk, Sarah",94
Men,D1,2014,Oakland,"Bader, Travis","Felder, Kahlil",91
Women,D1,2015,Drake,"Wendell, Lizzy","Ingle, Caitlin",91
Women,D1,2013,Oral Roberts,"Luper, Kevi","Bigham, Jaci",90
Women,D2,2014,Adelphi,"Kitrys, Jessica","Jackson, Sade",90
Women,D1,2015,Morehead St.,"Steele, Shay","Jones, Almesha",89
Women,D1,2013,Baylor,"Griner, Brittney","Sims, Odyssey",89
Women,D1,2014,Saint Joseph's,"Shields, Erin","Cloud, Natasha",89
Women,D1,2015,Baylor,"Davis, Nina","Johnson, Niya",87
Women,D2,2015,West Liberty,"Flowers, Liz","Howe, Kailee",86
Men,D2,2016,Barry,"Barrueta, Yunio","Fridriksson, Elvar",85
Women,D1,2017,Texas A&M,"Williams, Danni","Knox, Curtyce",85
Men,D2,2016,Western Ore.,"Avgi, Andy","Nichols, Julian",85
Women,D1,2014,Louisiana Tech,"Frazier, Whitney","Walter, Chrisstasia",84
Women,D1,2013,Kansas,"Davis, Carolyn","Goodrich, Angel",84
Women,D1,2017,La Salle,"Griffin, Amy","Alston, Jasmine",84
Women,D2,2017,California Baptist,"Mihalko, Cassidy","Diaz, Kamille",83
Men,D1,2016,Ohio,"Campbell, Antonio","Simmons, Jaaron",83
Men,D1,2013,Creighton,"McDermott, Doug","Gibbs, Grant",83
Men,D2,2016,Fayetteville St.,"Tyson, Michael","Dawson, Joshua",82
Men,D2,2016,West Liberty,"Bonifant, Seger","Dennis, David",82
Men,D2,2014,Florida Tech,"Jackson, Jermaine","Carter, Chris",82
Men,D3,2017,Emory,"Gigax, Adam","Rapp, Whit",82
Women,D1,2013,Nebraska,"Hooper, Jordan","Moore, Lindsey",81
Women,D1,2016,Oklahoma St.,"Martin, Brittney","Patton, Roddricka",81
Women,D2,2013,Barton,"Willie, Nyeshea","Morgan, Elaine",81
Women,D1,2017,UConn,"Collier, Napheesa","Williams, Gabby",79
Women,D2,2013,Adelphi,"Mannix, Kelly","Jackson, Sade",79
Men,D1,2016,Ohio,"Kaminski, Kenny","Simmons, Jaaron",78
Women,D1,2013,Sacred Heart,"Washington, Gabrielle","Norman, Ericka",78
Men,D1,2015,BYU,"Haws, Tyler","Collinsworth, Kyle",77
Women,D1,2016,Baylor,"Davis, Nina","Johnson, Niya",77
Women,D3,2017,Scranton,"Roman, Alexix","Payonk, Sarah",77
Women,D1,2014,Southern Miss.,"Jones, Tamara","Faulkner, Jamierra",77
Women,D1,2013,Oklahoma St.,"Donohoe, Liz","Bias, Tiffany",77
Men,D3,2016,Ithaca,"Chasin, Marc","Bevan, Sam",76
Women,D1,2016,James Madison,"Gwathmey, Jazmon","Mickens, Angela",76
Women,D1,2014,Texas A&M,"Williams, Courtney","Jones, Jordan",76
Men,D2,2013,Drury,"Hall, Alex","Lockhart, Brandon",76
Women,D1,2014,Iowa,"Doolitte, Bethany","Logic, Samantha",75
Women,D1,2017,Western Ill.,"Blumer, Morgan","Clemens, Emily",75
Women,D1,2017,Ball St.,"Monaco, Moriah","Grande, Carmen",75
Women,D1,2017,South Fla.,"Laksa, Kitija","Flores, Laia",75
Women,D1,2015,Kansas,"Gardner, Chelsea","Aldridge, Lauren",75
Men,D3,2017,Iowa Wesleyan,"Soukup, Steven","Soukup, Michael",75
Women,D2,2013,Azusa Pacific,"Hardeman, Kelly","Ziegler, Sullivan",75
Women,D1,2015,Iowa,"Dixon, Melissa","Logic, Samantha",75
Women,D1,2014,Akron,"Tecca, Rachel","Cassell, Kacie",74
Women,D1,2017,West Virginia,"Martin, Tynice","Ray, Chania",74
Women,D2,2013,Caldwell,"Jones, Torey","Coscia, Jessica",74
Women,D1,2016,Northwestern,"Coffey, Nia","Deary, Ashley",74
Men,D2,2015,Hillsdale,"Cooper, Kyle","Miller, Zach",74
Men,D1,2013,SFA,"Smith, Taylor","Bateman, Hal",74
Men,D1,2015,Gardner-Webb,"Hill, Jerome","Strange, Tyler",74
Men,D1,2013,Stephen F. Austin,"Smith, Taylor","Bateman, Hal",74
Men,D3,2015,Wheelock,"Williams, Anthony","Fenton, Nicholas",74
Women,D3,2014,Carthage,"Wenzel, Michelle","Kuzmanic, Stephanie",74
Men,D1,2016,Providence,"Bentil, Ben","Dunn, Kris",73
Women,D3,2016,Rutgers-Newark,"Williams, Arianna","Simmons, Maria",73
Women,D1,2014,Seton Hall,"Richardson-Smith, Tabatha","Simmons, Ka-Deidre",72
Women,D1,2015,Quinnipiac,"Guastella, Samantha","Abshire, Gillian",72
Women,D1,2017,St. John's (NY),"Walker, Jade","Lewis, Aaliyah",72
Women,D1,2014,Arkansas,"Jackson, Jessica","Berna, Calli",72
Women,D1,2016,Buffalo,"Smith, Joanna","Reid, Stephanie",72
Women,D1,2013,Southern Miss.,"Carey, Tanecka","Faulkner, Jamierra",72
Women,D1,2017,California,"Anigwe, Kristine","Cowling, Mikayla",72
Women,D2,2013,Barton,"Neal, Shante","Morgan, Elaine",72
Men,D1,2016,Kentucky,"Murray, Jamal","Ulis, Tyler",72
Men,D1,2016,Oakland,"Hooper, Max","Felder, Kahlil",71
Women,D1,2013,Mercer,"Grant, Kendra","Boykin, Sharnea",71
Women,D1,2014,Baylor,"Sims, Odyssey","Johnson, Niya",71
Women,D2,2016,Lubbock Christian,"Hoppel, Kelsey","Hampton, Nicole",71
Women,D1,2017,Buffalo,"Smith, Joanna","Reid, Stephanie",71
Women,D1,2013,UT Martin,"Butler, Heather","Newsome, Jasmine",71
Women,D3,2016,Muhlenberg,"Plotke, Rachel","Vallely, Brandi",71
Women,D1,2014,Saint Joseph's,"Fairbanks, Sarah","Cloud, Natasha",71
Men,D2,2017,Kutztown,"Cuevas, Dan","Ridgeway, Ethan",71
Women,D1,2017,Syracuse,"Sykes, Brittney","Peterson, Alexis",71
Men,D2,2017,Adelphi,"Laffey, Jack","McGuinness, Conor",71
Women,D1,2017,Middle Tenn.,"Johnson, Alex","Petty, Ty",71
Men,D2,2016,Augustana (SD),"Jansen, Daniel","Spencer, Jordan",70
Women,D1,2017,Temple,"Butts, Alliya","Fitzgerald, Feyonda",70
Women,D3,2017,Gettysburg,"Gibbons, Emily","Meredith, Kendra",70
Women,D1,2016,Drexel,"Curran, Sarah","Creighton, Meghan",70
Men,D1,2015,San Diego,"Dee, Johnny","Anderson, Christopher",70
Women,D1,2013,Akron,"Luburgh, Hanna","Cassell, Kacie",70
Women,D1,2016,Albany (NY),"Richards, Shereesha","Tate, Imani",69
Women,D3,2016,McDaniel,"Nichols, Lindsey","Davis, Brittney",69
Men,D2,2015,UC-Colo. Springs,"Welsh, Alex","White, Derrick",69
Men,D1,2014,Texas Southern,"Murray, Aaric","Gibbs, Madarious",69
Men,D1,2014,BYU,"Haws, Tyler","Carlino, Matt",69
Women,D3,2017,Lancaster Bible,"Hickey, Caitlin","Pennell, Krissy",69
Men,D1,2017,Wake Forest,"Collins, John","Crawford, Bryant",69
Men,D3,2014,Grinnell,"Levin, Aaron","Maher, Patrick",69
Men,D1,2016,Oakland,"Gibson, Percy","Felder, Kahlil",69
Women,D1,2013,Iowa St.,"Christofferson, Hallie","Moody, Nikki",69
Women,D1,2016,Oklahoma St.,"Jensen, Kaylee","Patton, Roddricka",68
Women,D1,2013,McNeese St.,"Baggett, Ashlyn","Baggett, Caitlyn",68
Men,D1,2013,East Carolina,"Kemp, Maurice","Paul, Miguel",68
Women,D2,2016,Edinboro,"Freeland, Aignee","Fischer, Katie",68
Men,D1,2016,Oakland,"Hayes, Jalen","Felder, Kahlil",68
Men,D3,2014,Albertus Magnus,"Watson, Darius","Davis, Eian",68
Men,D2,2017,Notre Dame (OH),"Vorhees, Will","Lewis, Ja'Sean",68
Men,D1,2017,Wofford,"Magee, Fletcher","Garcia, Eric",68
Women,D1,2015,American,"Holmes, Michelle","Dumiak, Jen",68
Women,D1,2014,Akron,"Luburgh, Hanna","Cassell, Kacie",68
Women,D1,2013,McNeese,"Baggett, Ashlyn","Baggett, Caitlyn",68
Women,D2,2017,Francis Marion,"Fulmore, Shaunice","Flowers, Tete",68
Men,D1,2015,Louisiana Tech,"Appleby, Raheem","Smith, Kenneth",68
Women,D2,2013,Belmont Abbey,"Long, Kelsey","Fox, Candace",68
Men,D1,2013,Syracuse,"Fair, C.J.","Carter-Williams, Michael",68
Men,D1,2013,Santa Clara,"Foster, Kevin","Roquemore, Evan",68
Men,D1,2016,La.-Monroe,"Deng, Majok","Coppola, Nick",67
Women,D1,2013,Sam Houston St.,"Thomas, Sequeena","Martin, Britni",67
Men,D1,2016,BYU,"Emery, Nick","Collinsworth, Kyle",67
Men,D1,2013,Syracuse,"Southerland, James","Carter-Williams, Michael",67
Men,D2,2016,Saginaw Valley,"Turnage, C.J.","Smith, Kellen",67
Women,D2,2013,Bentley,"Battista, Lauren","Bakolas, Christiana",67
Women,D3,2016,Muhlenberg,"Manning, Christina","Vallely, Brandi",67
Women,D1,2013,Oral Roberts,"Shelton, Sarah","Bigham, Jaci",67
Men,D1,2016,Northwestern St.,"Woodley, Zeek","Hall, Devonte",67
Women,D1,2017,Maryland,"Walker-Kimbrough, Shatori","Slocum, Destiny",67
Men,D1,2016,Iowa,"Uthoff, Jarrod","Gesell, Mike",67
Women,D2,2013,Wingate,"Williams, Janitsha","Wollett, Sarah",67
Men,D3,2015,Albertus Magnus,"Sledge, Tavon","Davis, Eian",67
Men,D2,2016,Lake Superior St.,"Daly, Devin","Williams, Akaemji",67
Women,D1,2017,Western Ky.,"Brown, Ivy","Noble, Kendall",67
Women,D2,2016,Nova Southeastern,"Wright, Kayla","Merritt, Monaye",67
Women,D1,2013,Col. of Charleston,"Frye, Alyssa","Brown, Jillian",67
Women,D1,2016,La Salle,"Griffin, Amy","Alston, Jasmine",67
Women,D2,2013,S.C. Aiken,"Tarailo, Daniela","Hill, Brittany",67
Women,D1,2017,Northwestern St.,"Brown, Cheyenne","Attura, Beatrice",67
Men,D1,2013,Marshall,"Pittman, Elijah","Kane, Deandre",66
Men,D1,2017,UCLA,"Leaf, TJ","Ball, Lonzo",66
Women,D1,2013,Akron,"Tecca, Rachel","Cassell, Kacie",66
Men,D2,2017,Mansfield,"Tamanosky, Matt","Powell, Cedrick",66
Men,D1,2014,LIU Brooklyn,"Atterberry, Landon","Brickman, Jason",66
Women,D1,2013,Drexel,"Wootton, Taylor","Mershon, Hollie",66
Women,D1,2015,California,"Gray, Reshanda","Boyd, Brittany",66
Women,D1,2013,Charlotte,"Hailey, Jennifer","Hammonds, Ny",66
Women,D1,2016,Baylor,"Jones, Alexis","Johnson, Niya",66
Women,D1,2016,Louisville,"Hines-Allen, Myisha","Moore, Mariya",66
Men,D2,2017,Adelphi,"Coffey, Michael","McGuinness, Conor",66
Women,D1,2016,Nebraska,"Shepard, Jessica","Theriot, Rachel",66
Women,D2,2013,West Liberty,"Southworth, Hillary","Flowers, Liz",66
Men,D3,2017,Staten Island,"Murphy, Kevon","Schettino, Frank",65
Men,D1,2016,Rice,"Koulechov, Egor","Guercy, Max",65
Men,D1,2014,N.C. Central,"Ingram, Jeremy","Chapman, Emanuel",65
Men,D2,2015,USciences,"Kerr, Garret","Casiello, T-John",65
Women,D1,2017,Loyola Marymount,"Johnson, Jackie","Velasco, Andee",65
Women,D1,2017,Tulane,"Morgan, Kolby","Vorpahl, Leslie",65
Women,D1,2015,Middle Tenn.,"Jones, Olivia","Petty, Ty",65
Men,D1,2017,Southern U.,"Prudhomme, Shawn","Banks, Trelun",65
Men,D1,2013,BYU,"Haws, Tyler","Carlino, Matt",65
Men,D1,2013,San Diego,"Dee, Johnny","Anderson, Christopher",65
Women,D1,2014,Texas A&M,"Walker, Courtney","Jones, Jordan",65
Women,D1,2015,Seton Hall,"Richardson-Smith, Tabatha","Simmons, Ka-Deidre",65
Women,D1,2017,Lamar University,"Kinard, Moe","Barrs, Chastadie",65
Men,D1,2017,UT Martin,"Martinez, Javier","Edwards, Kedar",65
Men,D1,2016,Iowa St.,"Niang, Georges","Morris, Monté",65
Women,D1,2017,Ball St.,"Bennett, Renee","Grande, Carmen",65
Men,D1,2013,Sacred Heart,"Gibson, Shane","Gaetano, Phil",65
Men,D1,2016,St. Mary's (CA),"Pineau, Dane","Naar, Emmett",65
Women,D1,2017,Belmont,"Smith, Kylee","Maggard, Darby",65
Women,D3,2017,Salem,"Sheperd, Sabrina","Seivers, Mikayla",64
Men,D2,2015,Barry,"Barrueta, Yunio","Hill, Deric",64
Women,D1,2017,Notre Dame,"Turner, Brianna","Allen, Lindsay",64
Men,D2,2014,Tampa,"Moraes, Eric","Davis, Jordan",64
Women,D3,2015,Mt. St. Vincent,"Fraser, Kelly","Barone, Christina",64
Men,D2,2017,Quincy,"McGaughey, Evan","Senor, Herm",64
Women,D1,2014,California,"Gray, Reshanda","Boyd, Brittany",64
Men,D1,2014,Louisiana Tech,"McNeail, Kenyon","Smith, Kenneth",64
Men,D2,2016,Augustana (SD),"Richter, Alex","Spencer, Jordan",64
Women,D2,2015,Alas. Anchorage,"Mullings, Megan","Robertson, Kiki",64
Women,D3,2013,Marymount (VA),"Parks, Tynisha","Fischer, Katelyn",64
Women,D1,2017,Michigan St.,"Jankoska, Tori","McCutcheon, Taryn",64
Women,D1,2014,Kansas,"Gardner, Chelsea","Harper, Charlicia Cece",64
Men,D3,2014,Albertus Magnus,"Ljuljdjuraj, Victor","Davis, Eian",64
Women,D2,2017,Chestnut Hill,"Kuhnen, Caity","Trossi, Mary",64
Women,D1,2014,Mississippi St.,"Alwal, Martha","May, Katia",64
Men,D1,2013,Duke,"Plumlee, Mason","Cook, Quinn",64
Women,D1,2015,Western Ky.,"Gooch, Chastity","Noble, Kendall",64
Men,D1,2013,Santa Clara,"Trasolini, Marc","Foster, Kevin",64
Women,D2,2016,West Liberty,"Simpson, Kierra","Howe, Kailee",64
Men,D1,2014,Southeast Mo. St.,"Stone, Tyler","Nutt, Lucas",63
Women,D1,2013,Michigan,"Thompson, Kate","Ryan, Jenny",63
Men,D1,2016,Michigan St.,"Forbes, Bryn","Valentine, Denzel",63
Men,D1,2014,Creighton,"McDermott, Doug","Chatman, Austin",63
Women,D1,2014,UConn,"Stewart, Breanna","Hartley, Bria",63
Women,D2,2016,California Baptist,"Mihalko, Cassidy","Diaz, Kamille",63
Women,D3,2015,Scranton,"Mesaris, Meredith","Fluehr, Lindsay",63
Women,D1,2014,Marquette,"Plouffe, Katherine","Pumroy, Brooklyn",63
Men,D1,2016,BYU,"Fischer, Chase","Collinsworth, Kyle",63
Men,D1,2013,Tennessee St.,"Thornton, Kellen","Miller, Patrick",63
Women,D1,2014,LSU,"Plaisance, Theresa","Kenney, Jeanne",63
Men,D1,2014,Longwood,"Carey, Tristan","Woodhouse, Lucas",63
Men,D1,2014,San Diego,"Dee, Johnny","Anderson, Christopher",63
Women,D1,2017,Northwestern,"Coffey, Nia","Deary, Ashley",63
Men,D3,2017,Staten Island,"Bracic, Edin","Schettino, Frank",63
Women,D1,2015,Wyoming,"Woodward, Kayla","Dent, Marquelle",63
Women,D2,2013,West Florida,"Vette, Hanna","Johnson, Toynetta",63
Men,D1,2014,Creighton,"McDermott, Doug","Gibbs, Grant",63
Women,D2,2015,Union (TN),"Thompson, Deanna","Philamlee, Amy",63
Men,D1,2013,North Florida,"Smith, Parker","Wilson, Will",63
Women,D1,2013,Notre Dame,"Achonwa, Natalie","Diggins, Skylar",62
Women,D1,2017,Little Rock,"Collins, Sharde'","Townson, Monique",62
Men,D1,2013,Ohio,"Keely, Reggie","Cooper, D.J.",62
Women,D2,2014,Concordia-St. Paul,"Whiting, Anika","Hansen, Rachel",62
Men,D1,2013,North Carolina St.,"Wood, Scott","Brown, Lorenzo",62
Men,D2,2014,Fort Hays St.,"Brunson, Dwayne","Nicholson, Craig",62
Men,D1,2015,Gardner-Webb,"Nelson, Tyrell","Strange, Tyler",62
Men,D2,2017,Kentucky St.,"Barton, Julius","Jordan, Dorian",62
Women,D3,2014,John Carroll,"Spahar, Melissa","Lustig, Allison",62
Men,D3,2017,Cornell College,"Anderson, Jon","Davis, Corey",62
Men,D1,2016,Arkansas,"Bell, Anthlon","Durham, Jabril",62
Men,D1,2017,Oklahoma St.,"Carroll, Jeffrey","Evans, Jawun",62
Women,D1,2016,UConn,"Stewart, Breanna","Jefferson, Moriah",62
Women,D2,2013,Concordia-St. Paul,"Whiting, Anika","Hansen, Rachel",62
Men,D2,2014,S.C. Aiken,"Zimmerman, Ronald","Wright, Devontae",62
Men,D3,2013,Lycoming,"Martin, Anthony","Williams, Jerald",62
Men,D1,2014,VMI,"Covington, D.J.","Glasgow, Rodney",62
Women,D1,2013,Denver,"Van Riper-Rose, Morgan","Smith, Emiko",62
Men,D2,2015,Dominican (NY),"Smith, Nick","Clinton, Joe",62
Women,D2,2015,Eckerd,"Thomas, Rana","Bowlin, Kayla",62
Women,D2,2013,Colorado Mesa,"Sigl, Kelsey","Selsor, Sharaya",62
Women,D1,2013,Oklahoma,"Ellenberg, Aaryn","Hook, Morgan",62
Men,D1,2015,Lafayette,"Trist, Dan","Lindner, Nick",62
Women,D3,2016,Stevenson,"Tarbert, Sara","Martinez, Stephanie",62
Men,D2,2016,Notre Dame (OH),"Vorhees, Will","Gaiter, Tyree",62
Men,D1,2013,Michigan,"Robinson III, Glenn","Burke, Trey",62
Women,D1,2014,VCU,"Parks, Robyn","Robinson, Keira",61
Women,D3,2017,Lancaster Bible,"Goyak, Courtney","Pennell, Krissy",61
Men,D1,2013,Oakland,"Bader, Travis","Mondy, Duke",61
Women,D1,2016,Saint Louis,"Stipanovich, Sadie","Kemph, Jackie",61
Women,D1,2017,Portland St.,"West, Courtney","Bolston, Ashley",61
Women,D1,2013,Notre Dame,"McBride, Kayla","Diggins, Skylar",61
Men,D1,2015,Notre Dame,"Auguste, Zach","Grant, Jerian",61
Women,D1,2013,Omaha,"Frauendorfer, Paige","Nash, Jamie",61
Women,D1,2016,Grand Canyon,"Gajewski, Jessica","Hayes, Courtney",61
Men,D1,2016,Milwaukee,"Arians, Austin","Johnson, Jordan",61
Women,D2,2014,Nova Southeastern,"Wilkins, Jasmine","Russi, Jessica",61
Men,D2,2015,Concord,"Miller, Aaron","Boyd, Mike",61
Men,D1,2015,Arizona,"Ashley, Brandon","McConnell, T.J.",61
Men,D1,2014,Providence,"Batts, Kadeem","Cotton, Bryce",61
Women,D3,2017,Concordia Chicago,"Jacobsen, Taylor","Lofink, Courtney",61
Men,D1,2013,FGCU,"Fieler, Chase","Comer, Brett",61
Men,D2,2017,Florida Tech,"Daniel, Sam","Anderson, Patrick",61
Men,D2,2014,Minn. St. Mankato,"O'Brien, Connor","Monaghan, Zach",61
Women,D2,2013,Augustana (SD),"Feeney, Alex","Ashley, Shaunteva",61
Men,D1,2015,Gonzaga,"Wiltjer, Kyle","Pangos, Kevin",61
Women,D1,2016,Arkansas St.,"Brown-Haywood, Khadija","Gamble, Aundrea",61
Men,D1,2015,N.C. Central,"McDonald, Anthony","Hilliard, Nimrod",61
Men,D2,2013,S.C. Aiken,"Zimmerman, Ronald","Nelson, Re'Mon",61
Women,D1,2014,Winthrop,"Williams, Erica","McClanahan, Dequesha",61
Women,D1,2017,Colorado St.,"Gustavsson, Elin","Nystrom, Ellen",61
Women,D1,2014,Loyola Chicago,"Hambric, Troy","Beavers, Ayrealle",61
Women,D1,2014,Southeastern La.,"Gibson, Aja","Styles, Elizabeth",61
Men,D2,2015,Augustana (SD),"Richter, Alex","Spencer, Jordan",61
Women,D1,2017,Middle Tenn.,"Johnson, Alex","Sissom, Abbey",61
Men,D2,2017,Barry,"Gonzalez, Adrian","Fridriksson, Elvar",60
Men,D2,2017,Augustana (SD),"Busack, Mike","Spencer, Jordan",60
Men,D3,2017,Cal Lutheran,"Cole, Austin","Richey, Caleb",60
Women,D2,2015,St. Mary's (TX),"Pullins, Morgan","Elias, Dezirae",60
Women,D1,2013,South Dakota,"Seekamp, Nicole","Yackley, Alexis",60
Women,D3,2016,MSOE,"Denfeld, Holly","Kroll, Megan",60
Men,D1,2017,Louisiana Tech,"McCree, Erik","Bracey, Daquan",60
Women,D1,2014,Iowa,"Taylor, Theairra","Logic, Samantha",60
Women,D2,2017,NYIT,"Knollmeyer, Margaret","Vukosavljevic, Nina",60
Women,D2,2017,Oakland City,"Ubelhor, Maddison","Wilson, Alicia",60
Men,D1,2013,Baylor,"Austin, Isaiah","Jackson, Pierre",60
Women,D2,2013,Newberry,"Lepaio, Haylee","Gleeson, Ellie",60
Women,D1,2014,BYU,"Hamson, Jennifer","Beeston, Kim",60
Women,D1,2017,New Mexico,"van der Keijl, Richelle","Beynon, Cherise",60
Men,D2,2016,LIU Post,"Dotson, Greg","Burns, Dillon",60
Men,D2,2014,Tarleton St.,"Upchurch, De'Andre","Guy, Chuck",60
Women,D2,2017,Alas. Anchorage,"Williams, Autummn","Robertson, Kiki",60
Men,D1,2017,UCLA,"Hamilton, Isaac","Ball, Lonzo",60
Women,D2,2016,Emporia St.,"Ngoie, Sandra","Moten, Kelly",60
Men,D2,2014,Minnesota St.,"O'Brien, Connor","Monaghan, Zach",60
Men,D3,2017,SUNY Oneonta,"Coleman, Lawrence","Kelly, Frankie",60
Women,D1,2013,San Diego St.,"Clements, Courtney","Hopkins, Chelsea",60
Women,D2,2016,Colorado Mesa,"Adams, Bryanna","Rivera, Laurin",60
Women,D1,2014,Ole Miss,"Faleru, Tia","McFarland, Valencia",60
Men,D1,2017,Nevada,"Oliver, Cameron","Marshall, Marcus",60
Women,D1,2015,Iowa,"Doolitte, Bethany","Logic, Samantha",60
Women,D1,2017,Saint Louis,"Frantz, Jordyn","Kemph, Jackie",60
Women,D2,2013,Carson-Newman,"Burstrom, Tatum","McLaughlin, Jai Jai",60
Women,D2,2013,Dowling,"Wilson, Danielle","Simmons, Connie",60
Men,D1,2013,Baylor,"Jefferson, Cory","Jackson, Pierre",60
Men,D2,2014,Florida Tech,"Jackson, Corbin","Carter, Chris",60
Women,D2,2016,Erskine,"Giles, Kristin","Hendrix, Raygon",59
Women,D2,2017,Shepherd,"Myers, Liz","Mason, Cara",59
Men,D1,2014,Iowa St.,"Niang, Georges","Kane, Deandre",59
Women,D1,2015,Fairleigh Dickinson,"Cruz, Kelsey","Andrades, Amanda",59
Men,D2,2013,Ala.-Huntsville,"Campbell, Zane","Smith, Jaime",59
Women,D2,2017,Lander,"McKenith, Mylea","Reynolds, Ty'Hesha",59
Men,D3,2017,Wheelock,"Fournier, Derek","Fenton, Nicholas",59
Men,D1,2017,Samford,"Thompson, Alex","Cunningham, Christen",59
Women,D1,2014,Cal Poly,"Schlemer, Molly","Elegado, Ariana",59
Men,D1,2015,Murray St.,"Williams, Jarvis","Payne, Cameron",59
Women,D1,2014,UConn,"Stewart, Breanna","Jefferson, Moriah",59
Women,D2,2017,Alderson Broaddus,"Parker, Jordan","Clark, Lorin",59
Women,D2,2015,Davis & Elkins,"Baker, Sharmaine","Wooten, Stephanie",59
Men,D1,2015,Duke,"Cook, Quinn","Jones, Tyus",59
Women,D3,2013,Becker,"Mojica, Tatiana","Ooms, Haley",59
Men,D2,2017,Kutztown,"Lee, Anthony","Ridgeway, Ethan",59
Men,D1,2013,Kansas,"McLemore, Ben","Johnson, Elijah",59
Women,D1,2014,Florida St.,"Howard, Natasha","Delgado, Yashira",59
Women,D2,2014,Belmont Abbey,"Owen, Mckenzie","Fox, Candace",59
Women,D1,2013,St. John's (NY),"Smith, Shenneika","McKenith, Nadirah",59
Men,D1,2014,Boston U.,"Morris, Dom","Watson Jr., Maurice",59
Men,D1,2017,Richmond,"Cline, T.J.","Jones, Shawndre'",59
Men,D1,2013,Michigan,"Hardaway Jr., Tim","Burke, Trey",59
Women,D3,2017,Dallas,"DeCoud, Michelle","Tonry, Holly",59
Women,D3,2013,Salve Regina,"Harden, Meaghan","Birrell, Kaitlyn",59
Women,D1,2015,Quinnipiac,"Driscoll, Val","Abshire, Gillian",59
Men,D1,2013,Ohio St.,"Thomas, Deshaun","Craft, Aaron",59
Women,D2,2015,West Liberty,"Southworth, Hillary","Howe, Kailee",59
Men,D1,2013,Santa Clara,"Trasolini, Marc","Roquemore, Evan",59
Women,D1,2013,Arkansas,"Watkins, Sarah","Berna, Calli",59
Women,D2,2014,Adelphi,"Mannix, Kelly","Jackson, Sade",59
Men,D3,2013,Ohio Wesleyan,"Rieger, Taylor","Winters, Andy",59
Men,D2,2017,Merrimack,"Barry, Anthony","Hayes, Juvaris",59
Men,D2,2015,American Int'l,"Dobbs, Cameron","Harris, Bobby",59
Men,D2,2014,Mont. St. Billings,"Mesghna, Jonathan","Hatcher, Kalob",58
Men,D2,2017,Alas. Fairbanks,"Pederson, Zach","Matlock, Nahjee",58
Women,D2,2015,Edinboro,"Hippo, Lauren","Lindsay, Laurel",58
Men,D2,2015,Tampa,"McCrory, Eugene","Davis, Jordan",58
Women,D1,2013,Boston U.,"Alford, Chantell","Moran, Mo",58
Men,D1,2015,Alabama A&M,"Tabb, Ladarius","Battle, Rakia",58
Women,D1,2014,Saint Joseph's,"Gotfrida, Ilze","Cloud, Natasha",58
Women,D1,2015,West Virginia,"Fields, Averee","Stepney, Linda",58
Men,D1,2014,UCLA,"Adams, Jordan","Anderson, Kyle",58
Women,D1,2015,Southeastern La.,"Pool, Ty'Desheaia","Styles, Elizabeth",58
Men,D1,2013,Kansas St.,"McGruder, Rodney","Rodriguez, Angel",58
Women,D2,2017,Simon Fraser,"Wilson, Meg","Kett, Ellen",58
Women,D1,2015,Texas A&M,"Walker, Courtney","Jones, Jordan",58
Men,D3,2017,Cal Lutheran,"Wood, Wolfgang","Richey, Caleb",58
Women,D1,2016,Mercer,"Lawrence, Kahlia","Means, Sydni",58
Men,D2,2016,Colorado Mesa,"Stephan, Ryan","Lopez, Eimer",58
Women,D1,2014,Western Ky.,"Gooch, Chastity","Noble, Kendall",58
Men,D1,2014,Longwood,"Ziegler, Karl","Woodhouse, Lucas",58
Women,D2,2015,Union (TN),"Risner, Kelsey","Philamlee, Amy",58
Women,D1,2015,Albany (NY),"Richards, Shereesha","Saunders, Zakiya",58
Women,D1,2015,Kansas,"Gardner, Chelsea","Knight, Natalie",58
Women,D1,2015,West Virginia,"Holmes, Bria","Stepney, Linda",58
Men,D1,2015,North Carolina,"Johnson, Brice","Paige, Marcus",57
Men,D2,2016,Young Harris,"Waterhouse, Ben","Wilson, C.J.",57
Women,D1,2017,Saint Louis,"Stipanovich, Sadie","Kemph, Jackie",57
Women,D3,2016,Salem,"Sheperd, Sabrina","Seivers, Mikayla",57
Men,D1,2016,Saint Joseph's,"Miles, Isaiah","Bembry, Deandre",57
Men,D1,2014,St. Francis Brooklyn,"Cannon, Jalen","Jones, Brent",57
Men,D2,2014,Tex. A&M Int'l,"Donaldson, Damal","Culliver Jr., Matthew",57
Women,D2,2013,Bridgeport,"Carter, Tanisha","Patterson, Aziza",57
Women,D3,2017,Rutgers-Newark,"Ashby, Faith","Simmons, Maria",57
Women,D2,2013,Anderson (SC),"Ahlin, Tilde","Diaz, Alissa",57
Women,D1,2015,UConn,"Stewart, Breanna","Jefferson, Moriah",57
Men,D3,2017,SUNY Oneonta,"McElroy, Mikey","Kelly, Frankie",57
Men,D1,2014,New Mexico,"Bairstow, Cameron","Williams, Kendall",57
Women,D1,2014,Iowa,"Dixon, Melissa","Logic, Samantha",57
Women,D3,2013,Carthage,"Corcoran, Cailee","Kuzmanic, Stephanie",57
Women,D1,2017,UCLA,"Billings, Monique","Canada, Jordin",57
Men,D1,2014,Iowa St.,"Ejim, Melvin","Kane, Deandre",57
Women,D3,2015,Berry,"Cook, Emma","Segarra, Chanlir",57
Women,D1,2017,Drexel,"Curran, Sarah","Creighton, Meghan",57
Women,D1,2013,Oklahoma St.,"Young, Toni","Bias, Tiffany",57
Women,D1,2014,Iowa St.,"Christofferson, Hallie","Moody, Nikki",57
Women,D1,2016,Mississippi St.,"Vivians, Victoria","William, Morgan",57
Women,D1,2014,Col. of Charleston,"Frye, Alyssa","Brown, Jillian",57
Women,D2,2016,Kutztown,"Watson, Kelsey","Lee, Natalya",57
Men,D2,2016,Notre Dame (OH),"Taylor, Kyauta","Gaiter, Tyree",57
Women,D1,2013,Maryland,"Hawkins, Tianna","Thomas, Alyssa",57
Women,D1,2014,DePaul,"Rogowski, Megan","Hrynko, Brittany",57
Women,D3,2016,Wash. & Jeff.,"Bellhy, Beka","Moore, Amirah",57
Women,D1,2014,Winthrop,"Wright, Samiya","McClanahan, Dequesha",57
Men,D3,2015,Cabrini,"Green, Jair","Walton-Moss, Aaron",57
Men,D1,2017,Houston,"Dotson, Damyean","Robinson, Jr., Galen",57
Women,D2,2017,California Baptist,"Nelson, Courtney","Diaz, Kamille",57
Women,D2,2013,Newberry,"Lepaio, Haylee","Pearson, Zara",57
Men,D3,2013,Bowdoin,"Pieri, Keegan","Hurley, Bryan",57
Women,D3,2016,Thomas More,"Moss, Sydney","Owings, Abby",57
Women,D1,2014,Wright St.,"Demmings, Kim","Mingo, Tay'Ler",57
Men,D1,2017,N.C. Central,"Madison, Rashaun","Graf, Dajuan",57
Men,D1,2015,N.C. Central,"Parks, Jordan","Hilliard, Nimrod",57
Women,D1,2016,Rutgers,"Scaife, Tyler","Canty, Briyona",57
Men,D3,2016,Ohio Northern,"Thress, Aron","Hurless, Joey",57
Women,D1,2016,UMBC,"Wilson, Pandora","McCarley, Taylor",57
Women,D2,2013,Holy Family,"Mann, Erin","Hanlon, Molly",57
Women,D2,2016,Paine,"Wilkerson, Janisha","Watts, Ashley",57
Men,D1,2014,Temple,"Pepper, Dalton","Cummings, Will",56
Men,D1,2016,Duquesne,"Mason, Micah","Colter, Derrick",56
Women,D2,2014,Daemen,"Stilwell, Raeann","Stoddard, Lindsay",56
Women,D3,2016,Lehman,"Navarro, Jennifer","Del Rosario, Amely",56
Men,D1,2017,Santa Clara,"Brownridge, Jared","Hauser, Matt",56
Women,D1,2013,Baylor,"Griner, Brittney","Hayden, Kimetria",56
Women,D3,2017,Johnson & Wales (RI),"Thompson, Ashley","Pederzani, Raquel",56
Women,D2,2015,Indiana (PA),"Stamp, Lindsay","Mathe, Marita",56
Men,D1,2014,West Virginia,"Harris, Eron","Staten, Juwan",56
Women,D1,2016,UCLA,"Billings, Monique","Canada, Jordin",56
Men,D3,2017,Wis. Lutheran,"Nowak, Chase","Schieve, Tanner",56
Men,D1,2017,Arizona St.,"Graham, Torian","Evans II, Shannon",56
Women,D2,2017,Catawba,"Rogers, Terri","Brown, Serena",56
Men,D2,2017,Kutztown,"Johnson, Josh","Ridgeway, Ethan",56
Men,D2,2015,Saginaw Valley,"Turnage, Calvin","Smith, Kellen",56
Women,D3,2015,Ozarks (AR),"Hipps, Ashley","Sherrer, Madison",56
Men,D2,2015,West Liberty,"Bonifant, Seger","Faithfull, Indiana",56
Women,D1,2013,Hofstra,"Evans, Shante","Thomas, Andreana",56
Women,D3,2015,Widener,"Gallagher, Allison","Ferrucci, Ally",56
Men,D2,2013,Southwest Baptist,"Hooks, Damion","Guot, Preston",56
Men,D1,2016,North Florida,"Beech, Beau","Moore, Dallas",56
Women,D1,2016,Temple,"Butts, Alliya","Fitzgerald, Feyonda",56
Women,D3,2014,Scranton,"Mesaris, Meredith","Fluehr, Lindsay",56
Women,D3,2016,Kean,"Bacon, Marajiah","Owens, Jaquetta",56
Women,D1,2017,Northern Ill.,"Woods, Courtney","Lehman, Ally",56
Women,D1,2015,Iowa St.,"Johnson, Seanna","Moody, Nikki",56
Men,D2,2015,Lincoln Memorial,"Choice, Luquon","Ross, Lorenza",56
Men,D1,2014,Murray St.,"Williams, Jarvis","Payne, Cameron",56
Women,D1,2016,Lipscomb,"Southern, Ashley","Cagle, Loren",56
Men,D2,2013,Young Harris,"Adams, Frank","Martin, Vince",56
Women,D2,2016,West Liberty,"Olkosky, Johnie","Howe, Kailee",56
Men,D1,2015,Notre Dame,"Connaughton, Pat","Grant, Jerian",56
Men,D2,2015,Augustana (SD),"Jansen, Daniel","Spencer, Jordan",55
Men,D2,2017,UVa-Wise,"Sousa, Dimitri","Seals, Michal",55
Women,D3,2017,Kean,"Bacon, Marajiah","Owens, Jaquetta",55
Men,D1,2013,New Orleans,"Cook, Lovell","Nelson, Rarlensee",55
Women,D2,2014,Wayne St. (NE),"Yossi, Ashton","Roller, Addy",55
Men,D1,2013,FGCU,"Thompson, Bernard","Comer, Brett",55
Men,D1,2014,Southeast Mo. St.,"Bradley, Jarekious","Nutt, Lucas",55
Men,D1,2016,UNI,"Bohannon, Matt","Washpun, Wes",55
Men,D1,2015,Oakland,"Petros, Corey","Felder, Kahlil",55
Women,D1,2015,Louisiana Tech,"Frazier, Whitney","Walter, Chrisstasia",55
Men,D1,2013,Ole Miss,"Henderson, Marshall","Summers, Jarvis",55
Men,D2,2015,Bluefield St.,"Reno, Dajon","Durgan, Mark",55
Women,D1,2014,Manhattan,"Roeder, Monica","Skrec, Allison",55
Women,D1,2017,Valparaiso,"Franklin, Dani","Schaub, Hannah",55
Men,D1,2013,St. Mary's (CA),"Waldow, Brad","Dellavedova, Matthew",55
Women,D3,2013,Suffolk,"Ruys, Jennifer","Vienneau, Jaqueline",55
Men,D1,2014,Wichita St.,"Early, Cleanthony","VanVleet, Fred",55
Men,D1,2013,Stony Brook,"Warney, Jameel","Brenton, Tommy",55
Men,D1,2016,Montana,"Breunig, Martin","Wright, Walter",55
Women,D2,2016,NYIT,"Ragab, Dina","Vukosavljevic, Nina",55
Women,D2,2014,Bentley,"Battista, Lauren","Bakolas, Christiana",55
Men,D3,2017,Texas-Dallas,"Coulter, Kyle","Banks, Caleb",55
Men,D1,2013,Utah Valley,"Aird, Ben","Thompson, Nick",55
Women,D1,2015,Arkansas,"Jackson, Jessica","Berna, Calli",55
Men,D3,2017,Mitchell,"Santiago, Domenico","Morgan, Alan",55
Men,D1,2015,St. Francis Brooklyn,"Cannon, Jalen","Jones, Brent",55
Women,D3,2013,King's (PA),"Rader, Celia","Michaels, Katlin",55
Women,D1,2013,Auburn,"Alverson, Blanche","Ouardad, Najat",55
Women,D1,2013,Providence,"Rule, Tori","Roberts, Symone",55
Men,D3,2016,Catholic,"Howard, Jay","Fonville, Bryson",55
Men,D1,2016,Virginia,"Brogdon, Malcolm","Perrantes, London",55
Men,D3,2015,Alvernia,"Cooper, Charles","Clark, Lamont",55
Men,D3,2015,Washington-St. Louis,"Burt, Nick","Fatoki, David",55
Men,D2,2014,Minn. St. Mankato,"Adler, Tanner","Monaghan, Zach",55
Men,D1,2014,Northwestern St.,"Woodley, Zeek","West, Jalan",55
Men,D2,2017,Northwest Mo. St.,"Schneider, Zach","Pitts, Justin",55
Men,D2,2016,King (TN),"Good, C.J.","Walker, Calvin",55
Women,D3,2016,Carnegie Mellon,"Murphy, Lisa","Mayberger, Jenn",55
Women,D1,2014,Albany (NY),"Richards, Shereesha","Royals, Sarah",55
Men,D2,2014,St. Anselm,"Mabrey, Roy","Mallios, Dino",55
Women,D1,2013,Georgia Tech,"Marshall, Tyaunna","Maye, Dawnn",55
Men,D2,2013,Post,"Krischer, Zach","Wilcox, Jake",55
Women,D1,2015,Saint Louis,"Stipanovich, Sadie","Kemph, Jackie",55
Men,D2,2015,MSU Moorhead,"Sevlie, Isaac","Riewer, Jordan",55
Women,D1,2015,Iona,"Robinson, Aaliyah","Lizarazu, Marina",55
Women,D1,2017,Minnesota,"Wagner, Carlie","Bell, Kenisha",55
Men,D1,2016,Valparaiso,"Peters, Alec","Carter, Keith",55
Women,D3,2014,Wm. Paterson,"Jeter, Dana","Borova, Floriana",54
Women,D1,2013,Butler,"McClung, Daress","Schippers, Taylor",54
Women,D1,2017,Michigan,"Thome, Hallie","Thompson, Siera",54
Women,D3,2014,Thomas More,"Burgoyne, Jenny","Beasley, Devin",54
Women,D3,2017,Pitt.-Greensburg,"Oddis, Kelsey","Baer, Lyndy",54
Men,D3,2017,Staten Island,"Baum, Khaleeq","Schettino, Frank",54
Women,D1,2016,Middle Tenn.,"Edwards, Brea","Petty, Ty",54
Women,D1,2016,Northwestern,"Inman, Christen","Deary, Ashley",54
Women,D1,2017,St. John's (NY),"Wellere, Akina","Lewis, Aaliyah",54
Men,D2,2017,Indiana (PA),"Diaz, Jacobo","Lombardi, Dante",54
Women,D2,2013,Cameron,"Stamp, Chelsea","Harris, Brittany",54
Women,D1,2016,Eastern Wash.,"Hodgins, Hayley","Phillips, Tisha",54
Women,D3,2016,Pitt.-Bradford,"Rinfrette, Ali","Brate, Abby",54
Men,D2,2013,St. Mary's (TX),"Taylor, Daryell","Bower, Christian",54
Women,D2,2013,Charleston (WV),"Cowden, Jessi","Keir, Chrissy",54
Women,D2,2013,Wayne St. (NE),"Yossi, Ashton","Roller, Addy",54
Women,D1,2014,Tulane,"Dale, Tiffany","Kaplan, Jamie",54
Men,D2,2015,Tampa,"Rettig, Austin","Davis, Jordan",54
Men,D1,2017,St. Mary's (CA),"Landale, Jock","Naar, Emmett",54
Women,D2,2017,Catawba,"Johnson, Bri","Brown, Serena",54
Men,D2,2015,Bellarmine,"Thelen, Jake","Whitehead, Chris",54
Women,D1,2015,Saint Joseph's,"Fairbanks, Sarah","Cloud, Natasha",54
Men,D1,2014,Georgia St.,"Hunter, R.J.","Harrow, Ryan",54
Women,D2,2013,Benedict,"Thompson, Ashley","Jones, Alexus",54
Men,D2,2017,Kentucky St.,"Smith, Malcolm","Jordan, Dorian",54
Women,D2,2015,Adelphi,"Mannix, Kelly","Tran, Anh-Dao",54
Women,D1,2014,Oklahoma St.,"Donohoe, Liz","Bias, Tiffany",54
Men,D2,2017,Gannon,"Jackson, Zay","Berger, Jimmy",54
Women,D3,2014,York (PA),"Hicks, Brittany","Wallpher, Aja",54
Women,D1,2016,BYU,"Rydalch, Lexi","Purcell, Kalani",54
Men,D1,2016,Omaha,"White, Jake","Hollins, Tra-Deon",54
Women,D1,2016,George Washington,"Washington, Caira","Chase, Lauren",54
Men,D2,2014,Minnesota St.,"Adler, Tanner","Monaghan, Zach",54
Women,D1,2015,Denver,"Van Riper-Rose, Morgan","Bradley, Paige",54
Men,D1,2016,Oklahoma,"Hield, Buddy","Cousins, Isaiah",54
Women,D2,2013,Augustana (SD),"Tinklenberg, Faith","Shulte, Emily",54
Women,D1,2014,Quinnipiac,"Guastella, Samantha","Abshire, Gillian",54
Men,D1,2016,Baylor,"Prince, Taurean","Medford, Lester",54
Women,D2,2016,Arkansas Tech,"Adams, Fatima","Brooks, Bre",54
Women,D2,2017,Caldwell,"Drogsler, Kristen","Sanders, Sharell",54
Women,D1,2013,Iowa,"Johnson, Morgan","Logic, Samantha",54
Women,D1,2013,Nicholls St.,"Allen, Alisha","Babin, Kk",54
Women,D2,2016,California (PA),"Barrett, Seairra","Glenn, Miki",54
Women,D1,2014,Fairfield,"Cizynski, Katie","DaCruz, Felicia",54
Men,D1,2014,SMU,"Kennedy, Markus","Moore, Nic",54
Men,D1,2016,A&M-Corpus Chris,"Thomas, Rashawn","Ali, Hameed",54
Women,D1,2017,UCLA,"Burke, Kennedy","Canada, Jordin",54
Men,D3,2015,Albertus Magnus,"Ljuljdjuraj, Victor","Davis, Eian",54
Men,D1,2017,Notre Dame,"Beachem, V.J.","Farrell, Matt",54
Women,D3,2017,Montclair St.,"Sire, Katie","Tobie, Kate",54
Women,D1,2017,Bryant,"Klein, Alexandria","Palmer, Kierra",54
Women,D1,2016,Rice,"Goodwine, Jasmine","Hawkins, Maya",54
Women,D3,2016,Randolph-Macon,"Livermon, Hannah","Hester, Khajae",54
Women,D1,2017,Notre Dame,"Mabrey, Marina","Allen, Lindsay",53
Women,D1,2014,Milwaukee,"Young, Avyanna","Rodriguez, Angela",53
Women,D1,2013,Notre Dame,"Loyd, Jewell","Diggins, Skylar",53
Women,D1,2017,Indiana,"Cahill, Amanda","Buss, Tyra",53
Men,D3,2013,Emory,"Greven, Alex","Florin, Michael",53
Men,D1,2015,Louisiana Tech,"Kyser, Michale","Smith, Kenneth",53
Women,D1,2014,SMU,"Simpson, Akil","Mays, Keena",53
Men,D2,2017,Quincy,"Washington, Von","Senor, Herm",53
Women,D1,2016,Sam Houston St.,"Beadle, Angela","Robertson, Shernise",53
Men,D2,2017,Johnson C. Smith,"Davis III, Robert","Kirchman, Christian",53
Men,D1,2013,Tulane,"Callahan, Jordan","Tarrant, Ricky",53
Women,D1,2014,Oklahoma St.,"Martin, Brittney","Bias, Tiffany",53
Women,D1,2014,Nebraska,"Cady, Emily","Theriot, Rachel",53
Men,D2,2016,Ferris St.,"Stolicker, Jared","Fleming, Josh",53
Men,D1,2015,Central Mich.,"Simons, John","Fowler, Chris",53
Women,D3,2014,Vassar,"Senftleber, Hannah","Matsuoka, Cydni",53
Men,D2,2015,Metro St.,"Kay, Nicholas","McCarron, Mitch",53
Men,D3,2017,Mitchell,"Young, Brayvon","Morgan, Alan",53
Women,D3,2015,Brooklyn,"D'Ambrosi, Vanessa","Francomano, Nicole",53
Men,D1,2017,UConn,"Purvis, Rodney","Adams, Jalen",53
Women,D1,2017,Massachusetts,"Mulligan, Maggie","McDerment, Leah",53
Men,D1,2013,N.C. Central,"Kidd, Stanton","Chapman, Emanuel",53
Women,D1,2013,Northwestern,"Hackney, Kendall","Roser, Karly",53
Women,D1,2016,Drexel,"Pearson, Rachel","Creighton, Meghan",53
Men,D1,2015,Rice,"Gearhart, Seth","Guercy, Max",53
Women,D2,2017,Flagler,"Hodge, Tiffany","Alford, Alex",53
Men,D3,2017,SUNY Canton,"Fletcher, Romario","Annorh, Sam",53
Men,D1,2017,Iowa St.,"Mitrou-Long, Nazareth","Morris, Monté",53
Men,D2,2013,Young Harris,"Jackson, Malcolm","Martin, Vince",53
Women,D1,2016,Colorado St.,"Patrick, Jamie","Nystrom, Ellen",53
Women,D2,2016,Mercyhurst,"Piaggesi, Natalie","Heintz, Angela",53
Men,D1,2017,Providence,"Bullock, Rodney","Cartwright, Kyron",53
Men,D1,2013,Samford,"Williams, Tim","Kelly, Raijon",53
Women,D2,2014,Nova Southeastern,"Buie, Taylor","Russi, Jessica",53
Men,D1,2013,Sacred Heart,"Montes, Louis","Gaetano, Phil",53
Women,D1,2013,Eastern Ill.,"King, Mariah","Nixon, Ta'Kenya",53
Women,D1,2014,DePaul,"Rogowski, Megan","Jenkins, Chanise",53
Women,D2,2013,Bentley,"Roberson, Kelsey","Bakolas, Christiana",53
Men,D3,2014,Alvernia,"Bennett, Kahlil","Davis, Christopher",53
Women,D1,2014,Florida St.,"Jones, Morgan","Delgado, Yashira",53
Women,D2,2015,Shaw,"Warner, Verdine","Brooks, Micah",53
Men,D1,2015,Miami (FL),"McClellan, Sheldon","Rodriguez, Angel",53
Women,D1,2015,Wright St.,"Stucke, Breanna","Mingo, Tay'Ler",53
Women,D3,2013,Howard Payne,"Marrs, Dana","Donahoo, Tresta",53
Women,D1,2014,Montana St.,"Hommes, Jasmine","Cole, Ausha",53
Women,D1,2017,UConn,"Samuelson, Katie Lou","Williams, Gabby",53
Women,D2,2013,Bluefield St.,"Mebane, Shaequan","Harris, Charity",53
Men,D2,2013,Fort Hays St.,"Congiusta, Ben","Nicholson, Craig",53
Men,D1,2014,Mercer,"Coursey, Daniel","Hall, Langston",53
Men,D3,2016,Benedictine (IL),"Johnson, Luke","Harvey, Tahron",53
Women,D2,2013,Wis.-Parkside,"Endisch, Jenna","West, Sierra",53
Men,D1,2014,Toledo,"Pearson, Rian","Brown, Julius",53
Women,D2,2015,Hawaii Pacific,"Peone, Chenise","Huerta, Kylie",53
Men,D1,2013,FGCU,"Brown, Sherwood","Comer, Brett",53
Women,D1,2016,Washington,"Walton, Talia","Plum, Kelsey",53
Men,D1,2013,Louisiana Tech,"Appleby, Raheem","Smith, Kenneth",53
Women,D1,2016,UNI,"Sorenson, Amber","Lamar, Sharnae",53
Men,D2,2015,Western Ore.,"Avgi, Andy","Nichols, Julian",53
Women,D1,2015,Northern Ariz.,"Anderson, Raven","Lusain, Brittani",53
Men,D1,2017,Marshall,"Loop, Austin","Elmore, Jon",53
Men,D1,2013,Savannah St.,"Hassan, Rashad","Blackman, Preston",53
Women,D1,2014,Sam Houston St.,"Beadle, Angela","Johnson, Jasmine",53
Men,D1,2013,Central Mich.,"Randall, Kyle","Fowler, Chris",53
Men,D2,2017,Minot St.,"Rudolph, Tyler","Maia, Luis Felipe Ricci",53
Women,D3,2014,Becker,"Mojica, Tatiana","Ooms, Haley",53
Women,D3,2016,Baruch,"Kennedy, Jacqueline","Podlovits, Kristen",53
Women,D1,2013,Omaha,"Blair-Mobley, Carolyn","Nash, Jamie",53
Men,D1,2017,St. Mary's (CA),"Landale, Jock","Rahon, Joe",53
Women,D1,2014,Tulane,"Blagg, Danielle","Kaplan, Jamie",53
Men,D1,2017,Illinois St.,"Hawkins, Deontae","Lee, Paris",52
Women,D2,2013,Bridgeport,"Dodoo, Priscilla","Patterson, Aziza",52
Men,D2,2014,Minn. St. Mankato,"Wooten, Gage","Monaghan, Zach",52
Men,D3,2014,Wheelock,"Williams, Anthony","Fenton, Nicholas",52
Men,D2,2014,Barry,"Barrueta, Yunio","Hill, Deric",52
Women,D1,2017,Duke,"Greenwell, Rebecca","Brown, Lexie",52
Men,D1,2013,Providence,"Cotton, Bryce","Council, Vincent",52
Men,D3,2014,Hobart and William Colleges,"Bonney, Richie","Blanding, Trey",52
Men,D3,2014,Hobart,"Bonney, Richie","Blanding, Trey",52
Women,D1,2016,Grand Canyon,"Hedrington, Cheyenne","Hayes, Courtney",52
Men,D2,2015,MSU Moorhead,"Lien, Aaron","Riewer, Jordan",52
Women,D1,2016,Youngstown St.,"Arbanas, Nikki","Benjamin, Indiya",52
Men,D1,2017,Villanova,"Hart, Josh","Brunson, Jalen",52
Men,D3,2015,Hilbert,"Owens, Jerame","Stark, Trevor",52
Women,D1,2015,Siena,"Donohue, Meghan","Krogh, Ida",52
Women,D1,2014,Quinnipiac,"McQuain, Brittany","Abshire, Gillian",52
Women,D2,2013,Wingate,"Dunbar, Chantal","Wollett, Sarah",52
Men,D1,2015,North Carolina St.,"Turner, Ralston","Barber, Anthony 'Cat'",52
Women,D2,2013,Simon Fraser,"Raincock-Ekunwe, Nayo","Collins, Kristina",52
Men,D1,2017,Omaha,"Tyus, Marcus","Hollins, Tra-Deon",52
Men,D1,2016,Iowa,"Jok, Peter","Gesell, Mike",52
Women,D3,2015,Colorado Col.,"Davis, Danielle","Tyus, Courtney",52
Women,D3,2015,Ursinus,"Porada, Jessica","Polimeni, Alyssa",52
Men,D2,2014,Charleston (WV),"Humphrey, Xavier","Douglas, Denzel",52
Men,D1,2014,Providence,"Henton, Ladontae","Cotton, Bryce",52
Women,D2,2017,St. Joseph's (IN),"Parks, Kalea","Morris, Brittany",52
Men,D1,2017,Notre Dame,"Colson, Bonzie","Farrell, Matt",52
Men,D1,2013,UNLV,"Bennett, Anthony","Marshall, Anthony",52
Women,D2,2013,Emporia St.,"Patrick, Laura","Egli, Rheanna",52
Women,D2,2013,Fort Hays St.,"Lehman, Kate","Edwards, Katelyn",52
Women,D2,2013,Caldwell,"Caswell, Emily","Jones, Torey",52
Men,D1,2015,Eastern Mich.,"Ward, Karrington","Talley, Mike",52
Women,D1,2015,Hartford,"Bepko, Amber","Mayza, Deanna",52
Women,D2,2014,Concordia-St. Paul,"Wolyniec, Carissa","Hansen, Rachel",52
Men,D1,2017,St. Bonaventure,"Gregg, Denzel","Adams, Jaylen",52
Men,D2,2017,Christian Bros.,"Larkin, Jeff","Dieball, Adam",52
Men,D1,2016,Milwaukee,"Springs, Akeem","Johnson, Jordan",52
Women,D1,2014,Vanderbilt,"Foggie, Christina","Lister, Jasmine",52
Women,D2,2013,Belmont Abbey,"Midkiff, Morgan","Fox, Candace",52
Men,D1,2016,Southern U.,"Rodgers, Adrian","Hyder, Christopher",52
Women,D1,2017,Hofstra,"Durant, Ashunae","Luciano, Krystal",52
Men,D1,2017,Stetson,"Doyle, Luke","Rivera, Angel",52
Women,D1,2014,Baylor,"Davis, Nina","Sims, Odyssey",52
Men,D1,2016,Georgia,"Maten, Yante","Frazier, J.J.",52
Women,D1,2015,East Carolina,"Payne, Jada","Ebron, Janesha",52
Men,D3,2015,Skidmore,"Merrill, Connor","Medunjanin, Aldin",52
Women,D2,2013,Wingate,"Bonner, Kelli","Wollett, Sarah",52
Men,D2,2017,Delta St.,"Warner, Brett","Schmidt, Devin",52
Men,D2,2017,Young Harris,"Waterhouse, Ben","Wilson, C.J.",52
Women,D3,2016,Defiance,"Tietje, Kelsey","Schalk, Whitney",52
Men,D2,2014,Minnesota St.,"Wooten, Gage","Monaghan, Zach",52
Women,D2,2013,Young Harris,"Johnson, Ladondra","Smith, Lauren",52
Women,D1,2015,Lafayette,"Homan, Emily","O'Hare, Jamie",52
Women,D1,2017,Idaho,"Ferenz, Mikayla","Wilson, Karlee",52
Women,D1,2014,CSUN,"Lister, Cinnamon","Guay, Ashlee",52
Men,D1,2017,UMBC,"Darley, Will","Maura, K.J.",52
Women,D1,2014,Purdue,"Moses, Courtney","Houser, KK",52
Women,D2,2016,Lubbock Christian,"Bruffey, Tess","Hampton, Nicole",52
Women,D1,2014,Stanford,"Ogwumike, Chiney","Ruef, Mikaela",52
Men,D2,2014,St. Anselm,"McCahey, Mike","Mallios, Dino",52
Women,D2,2013,Augustana (SD),"Feeney, Alex","Shulte, Emily",52
Women,D1,2014,Southern Miss.,"Clemons, Jerontay","Faulkner, Jamierra",52
Women,D1,2017,West Virginia,"Montgomery, Lanay","Muldrow, Teana",52
Women,D1,2017,Iona,"Lewis, Alexis","Lizarazu, Marina",52
Women,D1,2013,BYU,"Hamson, Jennifer","Steed, Haley",52
Women,D1,2017,Detroit Mercy,"Cohen, Brianne","Reynolds, Rosanna",52
Women,D1,2014,VCU,"Thorpe, Isis","Robinson, Keira",52
Women,D1,2014,Hampton,"Bennett, Alyssa","Hamilton, Nicole",52
Men,D1,2013,Oakland,"Petros, Corey","Mondy, Duke",52
Men,D1,2013,Syracuse,"Triche, Brandon","Carter-Williams, Michael",52
Men,D1,2017,Ohio,"Dartis, Jordan","Simmons, Jaaron",52
Women,D1,2014,Eastern Ill.,"Oroszova, Sabina","Crunk, Jordyne",51
Women,D3,2016,Old Westbury,"Robinson, Jasmine","Pentz, Raven",51
Women,D2,2013,Brevard,"Brackett, Tuccoa","Watkins, Asheley",51
Women,D3,2015,Mt. St. Vincent,"Carroll, Brittany","Barone, Christina",51
Women,D1,2013,Oral Roberts,"Cooper, Taylor","Bigham, Jaci",51
Women,D1,2014,Fordham,"Corning, Abigail","Rooney, Erin",51
Women,D1,2014,Stanford,"Ogwumike, Chiney","Thompson, Lili",51
Men,D2,2015,Ala.-Huntsville,"Webster, Seab","Gardner, Greg",51
Women,D1,2013,Syracuse,"Alexander, Kayla","Coffey, Rachel",51
Men,D1,2015,UConn,"Brimah, Amida","Hamilton, Daniel",51
Men,D1,2017,Belmont,"Bradds, Evan","Luke, Austin",51
Women,D1,2013,Iowa St.,"Prins, Anna","Moody, Nikki",51
Women,D1,2015,Niagara,"McGuinness, Meghan","Van Leeuwen, Kelly",51
Men,D3,2016,NYU,"Gontikas, Costis","Udine, Ross",51
Women,D2,2013,Tex. Permian Basin,"Ards, Taniqua","King, Teisha",51
Women,D1,2014,Ill.-Chicago,"Hannemann, Katie","Bender, Terri",51
Men,D1,2015,Buffalo,"Moss, Justin","Bearden, Lamonte",51
Women,D2,2016,Virginia Union,"Bell, Rahni","Johnson, Kiana",51
Women,D2,2017,Bentley,"Gemma, Jen","Smith, Macchi",51
Men,D1,2014,North Carolina St.,"Warren, T.J.","Lewis, Tyler",51
Men,D3,2016,Pitt.-Bradford,"Greening, Evan","Matheson, Eric",51
Women,D3,2017,Westfield St.,"Valley, Jill","Moussette, Chelsea",51
Women,D1,2014,Sacramento St.,"Gennett, Hallie","Hilliard, Fantasia",51
Women,D2,2013,Angelo St.,"Holt, Lauren","Oliver, Haylee",51
Men,D2,2014,Daemen,"Beverly, Gerald","Sheehan, Casey",51
Men,D1,2014,UConn,"Daniels, Deandre","Napier, Shabazz",51
Men,D1,2014,San Diego,"Sanadze, Duda","Anderson, Christopher",51
Women,D1,2014,Baylor,"Davis, Nina","Johnson, Niya",51
Men,D3,2017,Middlebury,"St. Amour, Matt","Brown, Jake",51
Women,D2,2016,Cal St. East Bay,"Breshers, Tori","Effenberger, Laci",51
Women,D1,2013,Quinnipiac,"Barron, Felicia","Abshire, Gillian",51
Men,D2,2017,Pitt.-Johnstown,"Vescovi, Isaac","Clancy, Jr., Dale",51
Women,D3,2014,Kean,"Smith, Simone","Owens, Jaquetta",51
Men,D1,2016,North Florida,"Mackey, Trent","Moore, Dallas",51
Men,D1,2017,North Carolina,"Jackson, Justin","Berry II, Joel",51
Women,D1,2014,Georgia St.,"Long, Kendra","Andrews, Alisha",51
Men,D1,2014,Duke,"Parker, Jabari","Cook, Quinn",51
Men,D2,2013,Fort Hays St.,"Brunson, Dwayne","Nicholson, Craig",51
Men,D1,2016,Michigan St.,"Costello, Matt","Valentine, Denzel",51
Women,D3,2015,Thomas More,"Moss, Sydney","Wainscott, Sydni",51
Women,D1,2014,Arkansas St.,"Morrill, Jane","Gamble, Aundrea",51
Men,D3,2016,Nazareth,"Ford, Mitch","Stenglein, Tyler",51
Men,D1,2014,LIU Brooklyn,"Martin, Gerrell","Brickman, Jason",51
Men,D3,2017,Wis. Lutheran,"Kennedy, Collin","Schieve, Tanner",51
Men,D1,2013,Syracuse,"Southerland, James","Triche, Brandon",51
Women,D2,2017,California (PA),"Barrett, Seairra","Glenn, Miki",51
Men,D1,2017,Norfolk St.,"Wade, Jonathan","Robinson, Zaynah",51
Men,D2,2013,St. Anselm,"Mabrey, Roy","Mallios, Dino",51
Women,D2,2015,West Liberty,"Mohney, Jenn","Howe, Kailee",51
Women,D2,2015,Belmont Abbey,"Owen, Mckenzie","Midkiff, Morgan",51
Men,D1,2015,Murray St.,"Sapp, T.J.","Payne, Cameron",51
Men,D1,2017,Murray St.,"Miller, Terrell","Stark, Jonathan",51
Men,D2,2016,Philadelphia U.,"Alexis, Peter","Kilpatrick, Brendan",51
Women,D1,2013,Seattle,"Sowell, Kacie","Ward, Ashley",51
Men,D1,2014,Syracuse,"Fair, C.J.","Ennis, Tyler",51
Women,D1,2017,Louisville,"Durr, Asia","Moore, Mariya",51
Women,D3,2014,Neumann,"Marvel, Erica","Schlesman, Jessica",51
Women,D2,2016,Alas. Anchorage,"Buchanan, Jenna","Robertson, Kiki",51
Women,D1,2016,Baylor,"Davis, Nina","Jones, Alexis",51
Women,D3,2014,Earlham,"Spay, Kasin","Sneed, Bria",51
Men,D1,2017,North Carolina St.,"Henderson, Terry","Smith, Jr., Dennis",51
Men,D1,2014,Oregon,"Moser, Mike","Loyd, Johnathan",51
Men,D3,2016,Wheelock,"Williams, Anthony","Fenton, Nicholas",51
Women,D1,2017,Central Mich.,"Moore, Tinara","Hudson, Presley",51
Women,D2,2017,Alas. Fairbanks,"Wilson, Jordan","Skjold, Kaillee",50
Women,D1,2015,McNeese St.,"Donnes, Amber","Johnson, Jayln",50
Women,D2,2017,Newberry,"Essex, Meg","Britten, Shelby",50
Men,D1,2014,Siena,"Poole, Rob","Wright, Marquis",50
Women,D1,2015,McNeese,"Donnes, Amber","Johnson, Jayln",50
Women,D1,2014,Southeastern La.,"Pool, Ty'Desheaia","Styles, Elizabeth",50
Women,D2,2013,Bentley,"Battista, Lauren","Roberson, Kelsey",50
Women,D1,2014,Toledo,"Zanoguera, Inma","Dortch, Andola",50
Women,D3,2013,Colby-Sawyer,"DeSanty, Taylor","Bullett, Cailin",50
Women,D1,2015,Norfolk St.,"Corbo, Rae","Gray, Jazamine",50
Women,D2,2014,Minot St.,"Boag, Carly","Boag, Christina",50
Women,D1,2015,Albany (NY),"Richards, Shereesha","Royals, Sarah",50
Men,D2,2017,West Liberty,"Hoehn, Devin","Dennis, David",50
Women,D1,2013,BYU,"Beeston, Kim","Steed, Haley",50
Women,D1,2017,Mercer,"Lawrence, Kahlia","Means, Sydni",50
Men,D3,2017,Nazareth,"Stenglein, Tyler","Wind, Brendan",50
Women,D2,2015,Nova Southeastern,"Wilkins, Jasmine","Valley, Jessica",50
Men,D1,2013,East Carolina,"Sampson, Robert","Paul, Miguel",50
Men,D2,2016,Central Wash.,"Stroud, Joseph","Matthews, Devin",50
Men,D3,2015,Clarkson,"Coleman, John","Hodownes, Dylan",50
Men,D1,2015,Oakland,"Williams, Dante","Felder, Kahlil",50
Women,D1,2015,UConn,"Mosqueda-Lewis, Kaleena","Jefferson, Moriah",50
Men,D1,2017,Davidson,"Aldridge, Peyton","Gibbs, Jack",50
Women,D1,2014,Hampton,"Tate-DeFreitas, Malia","Hamilton, Nicole",50
Men,D1,2017,Loyola Chicago,"Jackson, Aundre","Doyle, Milton",50
Women,D2,2013,Mont. St. Billings,"Goggins, Kayleen","Knudsen, Bobbi",50
Women,D3,2017,St. Elizabeth,"Triplett, Danesha","Poole, Jasmine",50
Women,D1,2016,UC Riverside,"Crain, Brittany","Verin, Rejane",50
Men,D2,2015,Franklin Pierce,"Vilmont, Ryen","Becklens, Paul",50
Women,D1,2014,Mercer,"Grant, Kendra","Boykin, Sharnea",50
Women,D2,2017,Holy Family,"Iannotti, Abigail","Conroy, Jill",50
Men,D1,2017,SMU,"Ojeleye, Semi","Milton, Shake",50
Men,D1,2014,Kentucky,"Young, James","Harrison, Andrew",50
Men,D1,2013,La.-Lafayette,"Long, Shawn","Payton, Elfrid",50
Men,D1,2013,LIU Brooklyn,"Garner, C.J.","Brickman, Jason",50
Men,D1,2016,Texas Southern,"Riley, Malcolm","Blanks, David",50
Women,D2,2014,Colorado Mesa,"Selsor, Sharaya","Lopez, Christen",50
Women,D1,2014,Southern Miss.,"Dinkins, Brittanny","Faulkner, Jamierra",50
Women,D2,2016,Union (TN),"Caldwell, Tiara","Smith, Jada",50
Men,D1,2017,Fort Wayne,"Konchar, John","Evans, Mo",50
Women,D1,2016,Fairfield,"Smith, Casey","Ball, Lizzy",50
Women,D1,2015,St. John's (NY),"Handford, Aliyyah","Lewis, Aaliyah",50
Women,D3,2016,Ursinus,"Porada, Jessica","Polimeni, Alyssa",50
Men,D2,2016,Dowling,"Millender, Chris","Brown, Tristan",50
Women,D2,2017,West Florida,"Brewer, Toni","Coyne, Alex",50
Men,D1,2017,Michigan St.,"Ward, Nick","Winston, Cassius",50
Men,D3,2016,Wabash,"Purvlicis, Daniel","Jager, Johnny",50
Women,D2,2017,Sioux Falls,"Knecht, Sam","Robson, Madi",50
Men,D1,2016,Arkansas St.,"Carter, Devin","Thomas, Donte",50
Men,D1,2016,Incarnate Word,"Hittle, Kyle","Badillo, Mitchell",50
Men,D1,2014,Central Mich.,"Simons, John","Fowler, Chris",50
Men,D3,2017,Benedictine (IL),"Reynolds, Adam","Harvey, Tahron",50
Men,D1,2017,UMass Lowell,"Livingston, Tyler","Thomas, Jahad",50
Men,D3,2013,Alvernia,"Bennett, Kahlil","Davis, Christopher",50
Women,D2,2013,Western Wash.,"Harris, Britt","Williams, Trishi",50
Women,D3,2014,Earlham,"Spay, Kasin","Franklin, Hannah",50
Women,D1,2017,Washington,"Osahor, Chantel","Plum, Kelsey",50
Women,D1,2016,Toledo,"Bravo-Harriott, Jay-Ann","Harris, Brenae",50
Women,D1,2015,Oakland,"Nash, Olivia","Popkey, Elena",50
Women,D1,2017,San Jose St.,"Smith, Jasmine","Ramos, Dezz",50
Women,D2,2014,Newberry,"Lepaio, Haylee","Gleeson, Ellie",50
Women,D2,2016,Tex. A&M Int'l,"Mathews, Keiona","Prieto, Jessica",50
Women,D2,2013,Post,"Latham, Aubrey","Mansilla, Fernanda",50
Women,D2,2014,Caldwell,"Anderson, Jeanette","Coscia, Jessica",50
Men,D2,2015,UIndy,"Lawson, Joe","Barker, Lucas",50
Women,D1,2013,Vanderbilt,"Foggie, Christina","Lister, Jasmine",50
Men,D1,2014,Tulane,"Hook, Jay","Stark, Jonathan",50
Women,D2,2016,Alas. Fairbanks,"Wilson, Jordan","Skjold, Kaillee",50
Women,D1,2015,Wyoming,"Mileto, Kaitlyn","Dent, Marquelle",50
Women,D1,2016,California,"Anigwe, Kristine","Cowling, Mikayla",50
Men,D1,2016,Richmond,"Cline, T.J.","Jones, Shawndre'",50
Men,D3,2016,Penn St.-Berks,"Burggraf, Christian","Nixon, Dameon",50
Men,D2,2014,Anderson (SC),"Hash, Chandler","Jones, Myson",50
Men,D2,2016,Lynn,"Landers, Fred","Wilson, Russell",50
Women,D1,2013,Howard,"Doyle, Saadia","Curley-Payne, Cheyenne",50
Women,D2,2013,Chadron St.,"Ranta, Kattie","Shaw, Dallas",50